t,o,h,l,c,v,instrument_id,open,high,low,close,volume
2026-07-07 17:44:00+00:00,29558.0,29561.75,29543.5,29561.75,493.0,42004177,29558.0,29561.75,29543.5,29561.75,493.0
2026-07-07 17:45:00+00:00,29561.25,29565.75,29545.75,29553.25,372.0,42004177,29561.25,29565.75,29545.75,29553.25,372.0
2026-07-07 17:46:00+00:00,29553.0,29554.75,29530.25,29536.5,574.0,42004177,29553.0,29554.75,29530.25,29536.5,574.0
2026-07-07 17:47:00+00:00,29535.25,29548.0,29533.0,29534.25,400.0,42004177,29535.25,29548.0,29533.0,29534.25,400.0
2026-07-07 17:48:00+00:00,29535.25,29550.0,29528.25,29547.25,709.0,42004177,29535.25,29550.0,29528.25,29547.25,709.0
2026-07-07 17:49:00+00:00,29548.0,29548.5,29533.25,29542.75,337.0,42004177,29548.0,29548.5,29533.25,29542.75,337.0
2026-07-07 17:50:00+00:00,29541.5,29544.0,29531.0,29539.0,614.0,42004177,29541.5,29544.0,29531.0,29539.0,614.0
2026-07-07 17:51:00+00:00,29539.0,29551.75,29536.25,29549.25,420.0,42004177,29539.0,29551.75,29536.25,29549.25,420.0
2026-07-07 17:52:00+00:00,29548.25,29560.0,29546.75,29559.0,332.0,42004177,29548.25,29560.0,29546.75,29559.0,332.0
2026-07-07 17:53:00+00:00,29557.75,29558.25,29529.0,29529.0,598.0,42004177,29557.75,29558.25,29529.0,29529.0,598.0
2026-07-07 17:54:00+00:00,29530.0,29544.25,29529.25,29537.75,343.0,42004177,29530.0,29544.25,29529.25,29537.75,343.0
2026-07-07 17:55:00+00:00,29538.25,29543.0,29533.0,29540.0,244.0,42004177,29538.25,29543.0,29533.0,29540.0,244.0
2026-07-07 17:56:00+00:00,29540.0,29561.75,29539.0,29557.75,631.0,42004177,29540.0,29561.75,29539.0,29557.75,631.0
2026-07-07 17:57:00+00:00,29557.75,29557.75,29548.75,29555.0,321.0,42004177,29557.75,29557.75,29548.75,29555.0,321.0
2026-07-07 17:58:00+00:00,29554.75,29554.75,29547.75,29550.5,202.0,42004177,29554.75,29554.75,29547.75,29550.5,202.0
2026-07-07 17:59:00+00:00,29550.75,29568.0,29545.25,29567.25,585.0,42004177,29550.75,29568.0,29545.25,29567.25,585.0
2026-07-07 18:00:00+00:00,29567.5,29574.25,29557.5,29559.25,874.0,42004177,29567.5,29574.25,29557.5,29559.25,874.0
2026-07-07 18:01:00+00:00,29558.25,29572.0,29556.75,29568.25,435.0,42004177,29558.25,29572.0,29556.75,29568.25,435.0
2026-07-07 18:02:00+00:00,29569.75,29570.5,29543.25,29548.0,612.0,42004177,29569.75,29570.5,29543.25,29548.0,612.0
2026-07-07 18:03:00+00:00,29547.0,29550.25,29538.0,29547.75,453.0,42004177,29547.0,29550.25,29538.0,29547.75,453.0
